DATE,Consumer_Price_Index,Real_Disposable_Income,,Mortgage_Rate,Population,Unemployment_Rate,Share_Price,House_Price_Index,10_Expected_Inflation,House_Supply
1/1/1947,21.48,,2182.681,,,,,,,
2/1/1947,21.62,,2182.681,,,,,,,
3/1/1947,22,,2182.681,,,,,,,
4/1/1947,22,,2176.892,7.31,,,,,,
5/1/1947,21.95,,2176.892,7.43,,,,,,
6/1/1947,22.08,,2176.892,7.53,,,,,,
7/1/1947,22.23,,2172.432,7.6,,,,,,
8/1/1947,22.4,,2172.432,7.7,,,,,,
9/1/1947,22.84,,2172.432,7.69,,,,,,
10/1/1947,22.91,,2206.452,7.63,,,,,,
11/1/1947,23.06,,2206.452,7.55,,,,,,
12/1/1947,23.41,,2206.452,7.48,,,,,,
1/1/1948,23.68,,2239.682,7.44,,3.4,,,,
2/1/1948,23.67,,2239.682,7.33,,3.8,,,,
3/1/1948,23.5,,2239.682,7.3,,4,,,,
4/1/1948,23.82,,2276.69,7.29,,3.9,,,,
5/1/1948,24.01,,2276.69,7.37,,3.5,,,,
6/1/1948,24.15,,2276.69,7.37,,3.6,,,,
7/1/1948,24.4,,2289.77,7.4,,3.6,,,,
8/1/1948,24.43,,2289.77,7.4,,3.9,,,,
9/1/1948,24.36,,2289.77,7.42,,3.8,,,,
10/1/1948,24.31,,2292.364,7.42,,3.7,,,,
11/1/1948,24.16,,2292.364,7.43,,3.8,,,,
12/1/1948,24.05,,2292.364,7.44,,4,,,,
1/1/1949,24.01,,2260.807,7.44,,4.3,,,,
2/1/1949,23.91,,2260.807,7.44,,4.7,,,,
3/1/1949,23.91,,2260.807,7.46,,5,,,,
4/1/1949,23.92,,2253.128,7.54,,5.3,,,,
5/1/1949,23.91,,2253.128,7.65,,6.1,,,,
6/1/1949,23.92,,2253.128,7.73,,6.2,,,,
7/1/1949,23.7,,2276.424,8.05,,6.7,,,,
8/1/1949,23.7,,2276.424,8.5,,6.8,,,,
9/1/1949,23.75,,2276.424,8.82,,6.6,,,,
10/1/1949,23.67,,2257.352,8.77,,7.9,,,,
11/1/1949,23.7,,2257.352,8.58,,6.4,,,,
12/1/1949,23.61,,2257.352,8.54,,6.6,,,,
1/1/1950,23.51,,2346.104,8.54,,6.5,,,,
2/1/1950,23.61,,2346.104,8.46,,6.4,,,,
3/1/1950,23.64,,2346.104,8.41,,6.3,,,,
4/1/1950,23.65,,2417.682,8.58,,5.8,,,,
5/1/1950,23.77,,2417.682,8.97,,5.5,,,,
6/1/1950,23.88,,2417.682,9.09,,5.4,,,,
7/1/1950,24.07,,2511.127,9.28,,5,,,,
8/1/1950,24.2,,2511.127,9.59,,4.5,,,,
9/1/1950,24.34,,2511.127,9.96,,4.4,,,,
10/1/1950,24.5,,2559.214,9.98,,4.2,,,,
11/1/1950,24.6,,2559.214,9.79,,4.2,,,,
12/1/1950,24.98,,2559.214,9.62,,4.3,,,,
1/1/1951,25.38,,2593.967,9.43,,3.7,,,,
2/1/1951,25.83,,2593.967,9.11,,3.4,,,,
3/1/1951,25.88,,2593.967,8.9,,3.4,,,,
4/1/1951,25.92,,2638.898,8.82,,3.1,,,,
5/1/1951,25.99,,2638.898,8.91,,3,,,,
6/1/1951,25.93,,2638.898,8.89,,3.2,,,,
7/1/1951,25.91,,2693.259,8.89,,3.1,,,,
8/1/1951,25.86,,2693.259,8.94,,3.1,,,,
9/1/1951,26.03,,2693.259,9.13,,3.3,,,,
10/1/1951,26.16,,2699.156,9.22,,3.5,,,,
11/1/1951,26.32,,2699.156,9.15,,3.5,,,,
12/1/1951,26.47,,2699.156,9.1,,3.1,,,,
1/1/1952,26.45,,2727.954,9.02,,3.2,,,,
2/1/1952,26.41,,2727.954,8.81,,3.1,,,,
3/1/1952,26.39,,2727.954,8.76,,2.9,,,,
4/1/1952,26.46,,2733.8,8.73,,2.9,,,,
5/1/1952,26.47,,2733.8,8.77,,3,,,,
6/1/1952,26.53,,2733.8,8.85,,3,,,,
7/1/1952,26.68,,2753.517,8.93,,3.2,,,,
8/1/1952,26.69,,2753.517,9,,3.4,,,,
9/1/1952,26.63,,2753.517,8.98,,3.1,,,,
10/1/1952,26.69,,2843.941,8.93,,3,,,,
11/1/1952,26.69,,2843.941,8.81,,2.8,,,,
12/1/1952,26.71,,2843.941,8.79,,2.7,,,,
1/1/1953,26.64,,2896.811,8.72,,2.9,,,,
2/1/1953,26.59,,2896.811,8.67,,2.6,,,,
3/1/1953,26.63,,2896.811,8.69,,2.6,,,,
4/1/1953,26.69,,2919.206,8.75,,2.7,,,,
5/1/1953,26.7,,2919.206,8.83,,2.5,,,,
6/1/1953,26.77,,2919.206,8.86,,2.5,,,,
7/1/1953,26.79,,2902.785,8.94,,2.6,,,,
8/1/1953,26.85,,2902.785,8.94,,2.7,,,,
9/1/1953,26.89,,2902.785,8.9,,2.9,,,,
10/1/1953,26.95,,2858.845,8.92,,3.1,,,,
11/1/1953,26.85,,2858.845,8.92,,3.5,,,,
12/1/1953,26.87,,2858.845,8.96,,4.5,,,,
1/1/1954,26.94,,2845.192,9.02,,4.9,,,,
2/1/1954,26.99,,2845.192,9.15,,5.2,,,,
3/1/1954,26.93,,2845.192,9.2,,5.7,,,,
4/1/1954,26.86,,2848.305,9.36,,5.9,,,,
5/1/1954,26.93,,2848.305,9.57,,5.9,,,,
6/1/1954,26.94,,2848.305,9.71,,5.6,,,,
7/1/1954,26.86,,2880.482,9.74,,5.8,,,,
8/1/1954,26.85,,2880.482,9.79,,6,,,,
9/1/1954,26.81,,2880.482,9.76,,6.1,,,,
10/1/1954,26.72,,2936.852,9.86,,5.7,,,,
11/1/1954,26.78,,2936.852,10.11,,5.3,,,,
12/1/1954,26.77,,2936.852,10.35,,5,,,,
1/1/1955,26.77,,3020.746,10.39,,4.9,,,,
2/1/1955,26.82,,3020.746,10.41,,4.7,,,,
3/1/1955,26.79,,3020.746,10.43,,4.6,,,,
4/1/1955,26.79,,3069.91,10.5,,4.7,,,,
5/1/1955,26.77,,3069.91,10.69,,4.3,,,,
6/1/1955,26.71,,3069.91,11.04,,4.2,,,,
7/1/1955,26.76,,3111.379,11.09,,4,,,,
8/1/1955,26.72,,3111.379,11.09,,4.2,,,,
9/1/1955,26.85,,3111.379,11.3,,4.1,,,,
10/1/1955,26.82,,3130.068,11.64,,4.3,,,,
11/1/1955,26.88,,3130.068,12.83,,4.2,,,,
12/1/1955,26.87,,3130.068,12.9,,4.2,,,,
1/1/1956,26.83,,3117.922,12.88,,4,,,,
2/1/1956,26.86,,3117.922,13.04,,3.9,,,,
3/1/1956,26.89,,3117.922,15.28,,4.2,,,,
4/1/1956,26.93,,3143.694,16.33,,4,,,,
5/1/1956,27.03,,3143.694,14.26,,4.3,,,,
6/1/1956,27.15,,3143.694,12.71,,4.3,,,,
7/1/1956,27.29,,3140.874,12.19,,4.4,,,,
8/1/1956,27.31,,3140.874,12.56,,4.1,,,,
9/1/1956,27.35,,3140.874,13.2,,3.9,,,,
10/1/1956,27.51,,3192.57,13.79,,3.9,,,,
11/1/1956,27.51,,3192.57,14.21,,4.3,,,,
12/1/1956,27.63,,3192.57,14.79,,4.2,,,,
1/1/1957,27.67,,3213.011,14.9,,4.2,2.534246,,,
2/1/1957,27.8,,3213.011,15.13,,3.9,2.433548,,,
3/1/1957,27.86,,3213.011,15.4,,3.7,2.46152,,,
4/1/1957,27.93,,3205.97,15.58,,3.9,2.528652,,,
5/1/1957,28,,3205.97,16.4,,4.1,2.612568,,,
6/1/1957,28.11,,3205.97,16.7,,4.3,2.634945,,,
7/1/1957,28.19,,3237.386,16.83,,4.2,2.6797,,,
8/1/1957,28.28,,3237.386,17.29,,4.1,2.545435,,,
9/1/1957,28.32,,3237.386,18.16,,4.4,2.455925,,,
10/1/1957,28.32,,3203.894,18.45,,4.5,2.310472,,,
11/1/1957,28.41,,3203.894,17.83,,5.1,2.276906,,,
12/1/1957,28.47,,3203.894,16.92,,5.2,2.276906,,,
1/1/1958,28.64,,3120.724,17.4,,5.8,2.321661,,,
2/1/1958,28.7,,3120.724,17.6,,6.4,2.316066,,,
3/1/1958,28.87,,3120.724,17.16,,6.7,2.344038,,,
4/1/1958,28.94,,3141.224,16.89,,7.4,2.327255,,,
5/1/1958,28.94,,3141.224,16.68,,7.4,2.399982,,,
6/1/1958,28.91,,3141.224,16.7,,7.3,2.46152,,,
7/1/1958,28.89,,3213.884,16.82,,7.5,2.545435,,,
8/1/1958,28.94,,3213.884,16.27,,7.4,2.646134,,,
9/1/1958,28.91,,3213.884,15.43,,7.1,2.71886,,,
10/1/1958,28.91,,3289.032,14.61,,6.7,2.813965,,,
11/1/1958,28.95,,3289.032,13.83,,6.2,2.903475,,,
12/1/1958,28.97,,3289.032,13.62,,6.2,2.953824,,,
1/1/1959,29.01,2318.4,3352.129,13.25,175818,6,3.088089,,,
2/1/1959,29,2325.4,3352.129,13.04,176044,5.9,3.0769,,,
3/1/1959,28.97,2338.7,3352.129,12.8,176274,5.6,3.172004,,,
4/1/1959,28.98,2353.8,3427.667,12.78,176503,5.2,3.216759,,,
5/1/1959,29.04,2366.6,3427.667,12.63,176723,5.1,3.289485,,,
6/1/1959,29.11,2374.5,3427.667,12.87,176954,5,3.289485,,,
7/1/1959,29.15,2370.8,3430.057,13.42,177208,5.1,3.451722,,,
8/1/1959,29.18,2356.8,3430.057,13.81,177479,5.2,3.440533,,,
9/1/1959,29.25,2357.8,3430.057,13.73,177755,5.5,3.311863,,,
10/1/1959,29.35,2359.5,3439.832,13.54,178026,5.7,3.323052,,,
11/1/1959,29.35,2376.6,3439.832,13.44,178273,5.8,3.367807,,,
12/1/1959,29.41,2399.7,3439.832,13.42,178504,5.3,3.496477,,,
1/1/1960,29.37,2404.9,3517.181,13.37,178925,5.2,3.418156,,,
2/1/1960,29.41,2405.3,3517.181,13.23,179326,4.8,3.255919,,,
3/1/1960,29.41,2408.1,3517.181,13.39,179707,5.4,3.20557,,,
4/1/1960,29.54,2417.3,3498.246,13.65,180067,5.2,3.233542,,,
5/1/1960,29.57,2422.6,3498.246,13.94,180408,5.1,3.20557,,,
6/1/1960,29.61,2424.9,3498.246,14.42,180728,5.4,3.356618,,,
7/1/1960,29.55,2428.8,3515.385,14.67,181028,5.5,3.261514,,,
8/1/1960,29.61,2423.3,3515.385,14.47,181308,5.6,3.255919,,,
9/1/1960,29.61,2426.7,3515.385,14.35,181567,5.5,3.11606,,,
10/1/1960,29.75,2435.6,3470.278,14.13,181807,6.1,3.037739,,,
11/1/1960,29.78,2425.5,3470.278,13.64,182026,6.1,3.132843,,,
12/1/1960,29.81,2414.6,3470.278,13.18,182225,6.6,3.177598,,,
1/1/1961,29.84,2437.9,3493.703,13.08,182404,6.6,3.29508,,,
2/1/1961,29.84,2448.1,3493.703,12.92,182631,6.9,3.390184,,,
3/1/1961,29.84,2458.4,3493.703,13.17,182867,6.9,3.496477,,,
4/1/1961,29.81,2463.4,3553.021,13.2,183105,7,3.569204,,,
5/1/1961,29.84,2483.5,3553.021,12.91,183335,7.1,3.613959,,,
6/1/1961,29.84,2509.1,3553.021,12.22,183572,6.9,3.60277,,,
7/1/1961,29.92,2517.6,3621.252,12.03,183825,7,3.597176,,,
8/1/1961,29.94,2517.7,3621.252,12.19,184101,6.6,3.742629,,,
9/1/1961,29.98,2519.9,3621.252,12.19,184384,6.7,3.703468,,,
10/1/1961,29.98,2546.6,3692.289,12.14,184654,6.5,3.664308,,,
11/1/1961,29.98,2570.1,3692.289,11.78,184900,6.1,3.776195,,,
12/1/1961,30.01,2585.8,3692.289,11.26,185129,6,3.798573,,,
1/1/1962,30.04,2579.4,3758.147,10.89,185347,5.8,3.675497,,,
2/1/1962,30.11,2590.9,3758.147,10.71,185551,5.5,3.709063,,,
3/1/1962,30.17,2608.1,3758.147,10.08,185762,5.6,3.720252,,,
4/1/1962,30.21,2619.6,3792.149,9.94,185981,5.6,3.597176,,,
5/1/1962,30.24,2621.1,3792.149,10.14,186201,5.5,3.356618,,,
6/1/1962,30.21,2621.6,3792.149,10.68,186426,5.5,2.981796,,,
7/1/1962,30.22,2633,3838.776,10.51,186664,5.4,3.032145,,,
8/1/1962,30.28,2635.5,3838.776,10.2,186924,5.7,3.138438,,,
9/1/1962,30.42,2636.3,3838.776,10.01,187191,5.6,3.110466,,,
10/1/1962,30.38,2649.3,3851.421,9.97,187449,5.4,3.026551,,,
11/1/1962,30.38,2656.5,3851.421,9.7,187685,5.7,3.278297,,,
12/1/1962,30.38,2669,3851.421,9.31,187905,5.5,3.378995,,,
1/1/1963,30.44,2688.2,3893.482,9.2,188113,5.7,3.502071,,,4.7
2/1/1963,30.48,2672.3,3893.482,9.08,188300,5.9,3.541232,,,6.6
3/1/1963,30.51,2683.6,3893.482,9.04,188484,5.7,3.51326,,,6.4
4/1/1963,30.48,2694.6,3937.183,9.83,188685,5.7,3.686685,,,5.3
5/1/1963,30.51,2705,3937.183,10.6,188904,5.9,3.753818,,,5.1
6/1/1963,30.61,2718.6,3937.183,10.54,189130,5.6,3.748223,,,6
7/1/1963,30.69,2721.6,4023.755,10.28,189369,5.6,3.653119,,,4.6
8/1/1963,30.75,2732.5,4023.755,10.33,189629,5.4,3.720252,,,5.6
9/1/1963,30.72,2752.9,4023.755,10.89,189895,5.5,3.848922,,,5.4
10/1/1963,30.75,2768.9,4050.147,11.26,190147,5.5,3.893677,,,5.9
11/1/1963,30.78,2774.7,4050.147,10.65,190369,5.7,3.871299,,,5.5
12/1/1963,30.88,2797.1,4050.147,10.65,190570,5.5,3.960809,,,6.1
1/1/1964,30.94,2806.4,4135.553,10.43,190763,5.6,4.050319,,,5.8
2/1/1964,30.91,2815.3,4135.553,9.89,190953,5.4,4.134234,,,5.5
3/1/1964,30.94,2882.1,4135.553,9.93,191146,5.4,4.234933,,,5.8
4/1/1964,30.95,2897.7,4180.592,10.2,191346,5.3,4.279688,,,6
5/1/1964,30.98,2912.9,4180.592,10.46,191557,5.1,4.290876,,,6.2
6/1/1964,31.01,2922.5,4180.592,10.46,191778,5.2,4.262905,,,5.7
7/1/1964,31.02,2936.4,4245.918,10.43,192010,4.9,4.415434,,,5.5
8/1/1964,31.05,2949.4,4245.918,10.6,192254,5,4.367893,,,5.4
9/1/1964,31.08,2961.1,4245.918,10.48,192504,5.1,4.448119,,,5.4
10/1/1964,31.12,2960.2,4259.046,10.3,192739,5.1,4.532308,,,5.3
11/1/1964,31.21,2979.4,4259.046,10.27,192943,4.8,4.564002,,,5.6
12/1/1964,31.25,3008,4259.046,10.61,193131,5,4.482785,,,5.5
1/1/1965,31.28,3013.8,4362.111,10.73,193308,4.9,4.588763,,,5.6
2/1/1965,31.28,3014.5,4362.111,10.65,193467,5.1,4.628381,,,5.5
3/1/1965,31.31,3024.6,4362.111,11.03,193625,4.7,4.633334,,,5.4
4/1/1965,31.38,3027.8,4417.225,11.05,193799,4.8,4.693751,,,5.6
5/1/1965,31.48,3061.4,4417.225,10.77,193988,4.6,4.755159,,,5.3
6/1/1965,31.61,3065.8,4417.225,10.2,194195,4.6,4.513489,,,4.7
7/1/1965,31.58,3097.8,4515.427,9.88,194416,4.4,4.499623,,,5.2
8/1/1965,31.55,3113.1,4515.427,9.99,194645,4.4,4.591735,,,4.6
9/1/1965,31.62,3194.5,4515.427,10.13,194879,4.3,4.749217,,,4.9
10/1/1965,31.65,3178.9,4619.458,9.95,195096,4.2,4.858166,,,5
11/1/1965,31.75,3201.4,4619.458,9.77,195284,4.1,4.895803,,,4.6
12/1/1965,31.85,3214.6,4619.458,9.74,195456,4,4.914622,,,4.4
1/1/1966,31.88,3216.8,4731.888,9.9,195614,4,5.007379,,,4.7
2/1/1966,32.08,3230.2,4731.888,10.2,195760,3.8,4.986718,,,4.9
3/1/1966,32.18,3242.8,4731.888,10.27,195915,3.8,4.781682,,,5
4/1/1966,32.28,3230.5,4748.046,10.37,196089,3.8,4.912283,,,5.1
5/1/1966,32.35,3235.7,4748.046,10.48,196275,3.9,4.641294,,,5.3
6/1/1966,32.38,3249.2,4748.046,10.16,196466,3.8,4.615734,,,6
7/1/1966,32.45,3260.4,4788.254,10.04,196661,3.8,4.60216,,,5.9
8/1/1966,32.65,3277.2,4788.254,10.1,196873,3.8,4.329972,,,6.8
9/1/1966,32.75,3296.6,4788.254,10.18,197096,3.7,4.158504,,,7.2
10/1/1966,32.85,3307.3,4827.537,10.18,197303,3.7,4.109592,,,6.3
11/1/1966,32.88,3322.5,4827.537,10.01,197485,3.6,4.330366,,,6.2
12/1/1966,32.92,3319.6,4827.537,9.67,197654,3.8,4.372814,,,6.3
1/1/1967,32.9,3353.7,4870.299,9.64,197814,3.9,4.557863,,,5.7
2/1/1967,33,3360.2,4870.299,9.37,197965,3.8,4.733288,,,5.7
3/1/1967,33,3385.5,4870.299,9.5,198122,3.8,4.854181,,,5.4
4/1/1967,33.1,3384.5,4873.287,9.49,198287,3.8,4.943822,,,4.9
5/1/1967,33.1,3391.3,4873.287,9.47,198452,3.8,5.050295,,,4.5
6/1/1967,33.3,3403.8,4873.287,9.62,198627,3.9,5.005238,,,4.6
7/1/1967,33.4,3417.4,4919.392,9.58,198812,3.8,5.117102,,,4.4
8/1/1967,33.5,3429.7,4919.392,9.24,199012,3.8,5.195627,,,4.4
9/1/1967,33.6,3429.3,4919.392,9.01,199212,3.8,5.271365,,,4.3
10/1/1967,33.7,3434.5,4956.477,8.86,199405,4,5.261735,,,4.1
11/1/1967,33.9,3455.3,4956.477,8.71,199578,3.9,5.090616,,,4.6
12/1/1967,34,3461.6,4956.477,8.5,199733,3.8,5.254071,,,4.7
1/1/1968,34.1,3480.2,5057.553,8.43,199864,3.7,5.271944,,,4.7
2/1/1968,34.2,3505.4,5057.553,8.76,199988,3.8,5.018927,,,4.1
3/1/1968,34.3,3538.4,5057.553,8.94,200132,3.7,4.899619,,,4.8
4/1/1968,34.4,3550.7,5142.033,8.85,200285,3.5,5.271408,,,4.9
5/1/1968,34.5,3565.2,5142.033,8.67,200449,3.5,5.432116,,,5.5
6/1/1968,34.7,3581.3,5142.033,8.51,200621,3.7,5.608871,,,5.5
7/1/1968,34.9,3573.9,5181.859,8.13,200802,3.7,5.586795,,,5.1
8/1/1968,35,3578.5,5181.859,7.98,200997,3.5,5.450272,,,5
9/1/1968,35.1,3578.9,5181.859,7.92,201193,3.4,5.625068,,,5.1
10/1/1968,35.3,3591.7,5202.212,8.09,201378,3.4,5.775299,,,5.2
11/1/1968,35.4,3605.1,5202.212,8.31,201544,3.4,5.886394,,,5.6
12/1/1968,35.6,3617.6,5202.212,8.22,201691,3.4,5.973374,,,5.2
1/1/1969,35.7,3611,5283.597,8.02,201821,3.4,5.725548,,,5.5
2/1/1969,35.8,3611.8,5283.597,7.68,201952,3.4,5.677547,,,4.9
3/1/1969,36.1,3618.3,5283.597,7.5,202092,3.4,5.514977,,,5.7
4/1/1969,36.3,3613,5299.625,7.47,202246,3.4,5.605755,,,6
5/1/1969,36.4,3654.1,5299.625,7.47,202419,3.4,5.793253,,,6.1
6/1/1969,36.6,3679.9,5299.625,7.42,202592,3.5,5.46613,,,5.8
7/1/1969,36.8,3705.6,5334.6,7.21,202777,3.5,5.189364,,,6.3
8/1/1969,36.9,3728.3,5334.6,7.11,202984,3.5,5.158938,,,6.5
9/1/1969,37.1,3736.6,5334.6,6.92,203196,3.7,5.185778,,,6.9
10/1/1969,37.3,3745.4,5308.556,6.83,203401,3.7,5.275016,,,7
11/1/1969,37.5,3751.9,5308.556,7.16,203588,3.5,5.332546,,,6.2
12/1/1969,37.7,3758.6,5308.556,7.17,203762,3.5,5.038553,,,6.1
1/1/1970,37.9,3778.6,5300.652,7.06,203929,3.9,5.003093,,,5.5
2/1/1970,38.1,3790.5,5300.652,7.15,204082,4.2,4.828743,,,7.2
3/1/1970,38.3,3805,5300.652,7.68,204246,4.4,4.897915,,,6.8
4/1/1970,38.5,3846,5308.164,8.32,204504,4.6,4.705036,,,6
5/1/1970,38.6,3830.3,5308.164,8.6,204719,4.8,4.124212,,,5.7
6/1/1970,38.8,3838.2,5308.164,8.4,204941,4.9,4.087809,,,5.5
7/1/1970,38.9,3892.6,5357.077,8.61,205174,5,4.074982,,,5.4
8/1/1970,39,3905.1,5357.077,8.51,205418,5.1,4.186646,,,5.1
9/1/1970,39.2,3900.8,5357.077,8.64,205664,5.4,4.466088,,,4.7
10/1/1970,39.4,3888.1,5299.672,8.93,205906,5.5,4.560902,,,4.8
11/1/1970,39.6,3882.3,5299.672,9.17,206131,5.9,4.539128,,,4.6
12/1/1970,39.8,3900,5299.672,9.2,206352,6.1,4.852874,,,4.7
1/1/1971,39.9,3959.8,5443.619,9.15,206567,5.9,5.07919,,,4.3
2/1/1971,39.9,3965.2,5443.619,8.83,206762,5.9,5.29002,,,4.4
3/1/1971,40,3978.2,5443.619,8.46,206960,6,5.436094,,,4
4/1/1971,40.1,3986.5,5473.059,8.32,207163,5.9,5.625946,,,4.2
5/1/1971,40.3,4002.6,5473.059,7.96,207361,5.9,5.545519,,,4.6
6/1/1971,40.5,4087.3,5473.059,7.57,207562,5.9,5.452541,,,4.7
7/1/1971,40.6,4029.1,5518.072,7.61,207771,6,5.42943,,,4.1
8/1/1971,40.7,4043.3,5518.072,7.86,207998,6.1,5.321332,,,4.7
9/1/1971,40.8,4067.3,5518.072,7.64,208230,6,5.441507,,,5.2
10/1/1971,40.9,4080.4,5531.032,7.48,208450,5.8,5.324319,,,5
11/1/1971,41,4090,5531.032,7.38,208648,6,5.067212,,,4.9
12/1/1971,41.1,4110.9,5531.032,7.2,208829,6,5.422477,,,5.1
1/1/1972,41.2,4090.1,5632.649,7.03,208989,5.8,5.663243,,,5.2
2/1/1972,41.4,4115.2,5632.649,7.08,209137,5.7,5.787961,,,5.4
3/1/1972,41.4,4132.3,5632.649,7.62,209299,5.8,5.938244,,,6.1
4/1/1972,41.5,4130.6,5760.47,7.93,209466,5.7,6.006318,,,5.8
5/1/1972,41.6,4160.9,5760.47,8.07,209635,5.7,5.924429,,,6.1
6/1/1972,41.7,4174.2,5760.47,8.32,209811,5.7,5.929423,,,6.3
7/1/1972,41.8,4204.5,5814.854,8.25,209986,5.6,5.8638,,,6.3
8/1/1972,41.9,4243.5,5814.854,8,210177,5.6,6.047339,,,6
9/1/1972,42.1,4260,5814.854,8.23,210379,5.5,5.94715,,,6.2
10/1/1972,42.2,4366.9,5912.22,7.92,210568,5.6,5.941314,,,5.7
11/1/1972,42.4,4415.4,5912.22,7.62,210739,5.3,6.237797,,,6.8
12/1/1972,42.5,4435.1,5912.22,7.6,210903,5.2,6.363502,,,6.5
1/1/1973,42.7,4411.9,6058.544,7.82,211053,4.9,6.37602,,,6.5
2/1/1973,43,4444.7,6058.544,7.65,211187,5,6.092156,,,6.8
3/1/1973,43.4,4461,6058.544,7.9,211337,4.9,5.956482,,,7
4/1/1973,43.7,4466.7,6124.506,8.14,211499,5,5.809699,,,7.7
5/1/1973,43.9,4475,6124.506,7.94,211662,4.9,5.619145,,,7.5
6/1/1973,44.2,4488.3,6124.506,7.69,211828,4.9,5.460078,,,7.8
7/1/1973,44.2,4499,6092.301,7.5,212001,4.8,5.558031,,,8.7
8/1/1973,45,4484.4,6092.301,7.48,212191,4.8,5.47903,,,9.4
9/1/1973,45.2,4507.3,6092.301,7.43,212382,4.8,5.615889,,,9.5
10/1/1973,45.6,4546.9,6150.131,7.29,212555,4.6,5.869773,,,9.4
11/1/1973,45.9,4554.1,6150.131,7.21,212710,4.8,5.406132,,,9.6
12/1/1973,46.3,4537.2,6150.131,7.1,212859,4.9,4.990267,,,10.1
1/1/1974,46.8,4504.1,6097.258,6.99,213003,5.1,5.089559,,,9.7
2/1/1974,47.3,4470.2,6097.258,7.04,213143,5.2,4.952109,,,9.6
3/1/1974,47.8,4438.2,6097.258,7.13,213286,5.1,5.164505,,,8.8
4/1/1974,48.1,4435.1,6111.751,7.14,213437,5.1,4.873208,,,9.1
5/1/1974,48.6,4430.6,6111.751,7.14,213600,5.1,4.688923,,,8
6/1/1974,49,4421.7,6111.751,7,213770,5.4,4.667977,,,8.9
7/1/1974,49.3,4438.7,6053.978,6.95,213948,5.5,4.284795,,,8.8
8/1/1974,49.9,4432.6,6053.978,6.92,214144,5.5,3.94705,,,9.3
9/1/1974,50.6,4428,6053.978,6.72,214349,5.9,3.534503,,,9.1
10/1/1974,51,4442.6,6030.464,6.71,214538,6,3.626133,,,9.8
11/1/1974,51.5,4419,6030.464,6.87,214704,6.6,3.761538,,,9.7
12/1/1974,51.9,4419.7,6030.464,6.72,214857,7.2,3.506448,,,10.3
1/1/1975,52.3,4417.4,5957.035,6.79,214998,8.1,3.818399,,,9.9
2/1/1975,52.6,4420.1,5957.035,6.81,215132,8.1,4.206449,,,10.4
3/1/1975,52.8,4424.1,5957.035,7.04,215276,8.6,4.392218,,,8.9
4/1/1975,53,4505.1,5999.61,6.92,215438,8.8,4.447789,,,7.2
5/1/1975,53.1,4765.1,5999.61,7.15,215646,9,4.729234,,,6.8
6/1/1975,53.5,4604.9,5999.61,7.55,215871,8.8,4.874242,,,7.2
7/1/1975,54,4533.9,6102.326,7.63,216084,8.6,4.906289,,,7
8/1/1975,54.2,4564.1,6102.326,7.94,216294,8.4,4.526278,,,6.8
9/1/1975,54.6,4575.2,6102.326,7.82,216490,8.4,4.453368,,,7.3
10/1/1975,54.9,4594.3,6184.53,7.85,216679,8.4,4.641525,,,6.6
11/1/1975,55.3,4590.9,6184.53,7.74,216851,8.3,4.717562,,,5.8
12/1/1975,55.6,4595.3,6184.53,7.91,217013,8.2,4.632754,,,5.8
1/1/1976,55.8,4625.1,6323.649,8.21,217172,7.9,5.081689,,,6.4
2/1/1976,55.9,4653.7,6323.649,8.33,217315,7.7,5.321243,,,5.9
3/1/1976,56,4667.6,6323.649,8.24,217455,7.6,5.348521,,,6.8
4/1/1976,56.1,4673.7,6370.025,8.15,217607,7.7,5.37534,,,6.4
5/1/1976,56.4,4673.8,6370.025,8.52,217773,7.4,5.334991,,,7
6/1/1976,56.7,4678.3,6370.025,8.29,217948,7.6,5.370225,,,6.9
7/1/1976,57,4705.1,6404.895,8.15,218134,7.8,5.513566,,,6.4
8/1/1976,57.3,4714.6,6404.895,8.03,218337,7.8,5.464653,,,6.2
9/1/1976,57.6,4715.6,6404.895,7.91,218542,7.6,5.574532,,,6.2
10/1/1976,57.9,4707.4,6451.177,7.8,218739,7.7,5.390575,,,5.8
11/1/1976,58.1,4749.8,6451.177,7.75,218920,7.8,5.364653,,,6
12/1/1976,58.4,4767.9,6451.177,7.38,219093,7.8,5.579038,,,5.6
1/1/1977,58.7,4758.3,6527.703,7.03,219262,7.5,5.573832,,,5.3
2/1/1977,59.3,4716.2,6527.703,7.05,219424,7.6,5.439291,,,5.1
3/1/1977,59.6,4782.4,6527.703,6.95,219594,7.4,5.413836,,,5
4/1/1977,60,4789.7,6654.466,7.08,219772,7.2,5.339599,,,5.5
5/1/1977,60.2,4790.6,6654.466,7.15,219953,7,5.343278,,,5.4
6/1/1977,60.5,4810.5,6654.466,7.16,220143,7.2,5.377556,,,5.5
7/1/1977,60.8,4841.6,6774.457,7.13,220349,6.9,5.440961,,,6.1
8/1/1977,61.1,4861.2,6774.457,6.95,220573,7,5.298797,,,5.8
9/1/1977,61.3,4887.8,6774.457,6.82,220796,6.8,5.21487,,,5.9
10/1/1977,61.6,4923.4,6774.592,6.62,221007,6.8,5.087028,,,6.1
11/1/1977,62,4962.7,6774.592,6.66,221206,6.8,5.136777,,,6
12/1/1977,62.3,4983.5,6774.592,7.07,221390,6.4,5.132763,,,6
1/1/1978,62.7,4962,6796.26,7,221553,6.4,4.940922,,,5.9
2/1/1978,63,4991.5,6796.26,6.89,221711,6.3,4.892696,,,6.3
3/1/1978,63.4,5033,6796.26,7.01,221892,6.3,4.901751,,,6.1
4/1/1978,63.9,5050.5,7058.92,6.99,222084,6.1,5.125091,,,5.8
5/1/1978,64.5,5047.2,7058.92,6.81,222278,6,5.395874,,,5.9
6/1/1978,65,5047.5,7058.92,6.65,222482,5.9,5.429991,,,6.2
7/1/1978,65.5,5072.8,7129.915,6.49,222697,6.2,5.407871,,,6.6
8/1/1978,65.9,5094.2,7129.915,6.29,222933,5.9,5.796533,,,6.6
9/1/1978,66.5,5095.8,7129.915,6.09,223168,6,5.800773,,,5.9
10/1/1978,67.1,5109.5,7225.75,6.11,223383,5.8,5.585466,,,5.7
11/1/1978,67.5,5114.1,7225.75,6.07,223585,5.9,5.222412,,,6.5
12/1/1978,67.9,5139.6,7225.75,6.05,223781,6,5.316517,,,6.1
1/1/1979,68.5,5164,7238.727,5.92,223973,5.9,5.522627,,,6.6
2/1/1979,69.2,5184.7,7238.727,5.84,224150,5.9,5.454675,,,6.8
3/1/1979,69.9,5198.5,7238.727,5.75,224333,5.8,5.564126,,,6.6
4/1/1979,70.6,5156.1,7246.454,5.81,224529,5.8,5.693924,,,6.8
5/1/1979,71.4,5132.2,7246.454,5.48,224734,5.6,5.566561,,,7.1
6/1/1979,72.2,5118.9,7246.454,5.23,224948,5.7,5.705211,,,7.4
7/1/1979,73,5156.2,7300.281,5.63,225174,5.7,5.781885,,,7.1
8/1/1979,73.7,5163.7,7300.281,6.26,225419,6,6.060129,,,6.9
9/1/1979,74.4,5159.3,7300.281,6.15,225662,5.9,6.128747,,,7.4
10/1/1979,75.2,5156.6,7318.535,5.95,225893,6,5.869858,,,7.4
11/1/1979,76,5171.2,7318.535,5.93,226120,5.9,5.845224,,,8.3
12/1/1979,76.9,5182.2,7318.535,5.88,226339,6,6.114708,,,8.6
1/1/1980,78,5218.8,7341.557,5.74,226554,6.3,6.326556,,,7.9
2/1/1980,79,5191.3,7341.557,5.64,226753,6.3,6.541523,,,8.6
3/1/1980,80.1,5159,7341.557,5.45,226955,6.3,5.894791,,,9.8
4/1/1980,80.9,5153.4,7190.289,5.83,227156,6.9,5.790051,,,11.6
5/1/1980,81.7,5134.3,7190.289,6.27,227387,7.5,6.078551,,,9.2
6/1/1980,82.5,5145.1,7190.289,6.29,227624,7.6,6.479213,,,7.6
7/1/1980,82.6,5189.8,7181.743,6.06,227840,7.8,6.789402,,,6.5
8/1/1980,83.2,5194.8,7181.743,5.87,228070,7.7,7.018506,,,6
9/1/1980,83.9,5216.6,7181.743,5.75,228302,7.5,7.240799,,,7.3
10/1/1980,84.7,5257.1,7315.677,5.72,228515,7.5,7.444011,,,7.3
11/1/1980,85.6,5264.5,7315.677,5.73,228696,7.5,7.738816,,,7.4
12/1/1980,86.4,5288.4,7315.677,5.75,228858,7.2,7.594362,,,7.6
1/1/1981,87.2,5267.1,7459.022,5.71,229004,7.5,7.550431,,,8
2/1/1981,88,5250.2,7459.022,5.63,229148,7.4,7.280319,,,8.1
3/1/1981,88.6,5264.4,7459.022,5.93,229314,7.4,7.57145,,,7.7
4/1/1981,89.1,5249,7403.745,5.86,229489,7.2,7.685257,,,8.6
5/1/1981,89.7,5258.8,7403.745,5.72,229668,7.5,7.554264,,,8.4
6/1/1981,90.5,5287.2,7403.745,5.58,229864,7.5,7.605069,,,9.2
7/1/1981,91.5,5370.5,7492.405,5.7,230077,7.2,7.425051,,,9
8/1/1981,92.2,5386.1,7492.405,5.82,230300,7.4,7.451368,,,9.8
9/1/1981,93.1,5376.3,7492.405,5.77,230527,7.6,6.770684,,,11.3
10/1/1981,93.4,5382.3,7410.768,6.07,230732,7.9,6.873013,,,10.3
11/1/1981,93.8,5385,7410.768,6.33,230906,8.3,7.080006,,,9.1
12/1/1981,94.1,5377.6,7410.768,6.27,231073,8.5,7.111047,,,7.1
1/1/1982,94.4,5384.7,7295.631,6.15,231235,8.6,6.725087,,6.1976115,8.9
2/1/1982,94.7,5399.5,7295.631,6.25,231392,8.9,6.552295,,6.0792322,9.2
3/1/1982,94.7,5398.9,7295.631,6.32,231558,9,6.324361,,5.6481299,8.7
4/1/1982,95,5452.7,7328.912,6.51,231727,9.3,6.631616,,5.7131884,9.4
5/1/1982,95.9,5430.3,7328.912,6.6,231901,9.4,6.641652,,5.6899798,8.3
6/1/1982,97,5400.9,7328.912,6.68,232090,9.6,6.248705,,5.6023786,8.3
7/1/1982,97.5,5450.4,7300.896,6.76,232290,9.8,6.221205,,5.9160055,8.2
8/1/1982,97.7,5459.3,7300.896,6.52,232496,9.8,6.230021,,5.6967159,7.1
9/1/1982,97.7,5457.7,7300.896,6.4,232708,10.1,6.952616,,5.733214,6.7
10/1/1982,98.1,5452.2,7303.817,6.36,232905,10.4,7.53648,,5.3410651,6.2
11/1/1982,98,5474.3,7303.817,6.24,233077,10.8,7.897333,,4.7173264,5.4
12/1/1982,97.7,5500.9,7303.817,6.14,233241,10.8,7.951669,,4.8624209,5.8
1/1/1983,97.9,5520,7400.066,6.22,233398,10.4,8.244418,,4.717531,5.4
2/1/1983,98,5522.6,7400.066,6.29,233543,10.4,8.391662,,4.8609296,5.6
3/1/1983,98.1,5549.2,7400.066,6.16,233697,10.3,8.66558,,4.6099924,5.4
4/1/1983,98.8,5561.3,7568.456,6.18,233852,10.2,8.972832,,4.7379918,5.1
5/1/1983,99.2,5572.5,7568.456,6.26,234020,10.1,9.369154,,4.5383586,4.9
6/1/1983,99.4,5576.8,7568.456,6.66,234213,10.1,9.549047,,4.7208859,5.3
7/1/1983,99.8,5647,7719.746,6.7,234404,9.4,9.58049,,4.8680949,5.8
8/1/1983,100.1,5635.9,7719.746,6.57,234601,9.5,9.305114,,5.0178961,6.2
9/1/1983,100.4,5676.2,7719.746,6.38,234804,9.2,9.5762,,5.1079768,6.2
10/1/1983,100.8,5726.4,7880.794,6.38,234993,8.8,9.584584,,4.9742005,5.6
11/1/1983,101.1,5775,7880.794,6.21,235157,8.5,9.448442,,5.0693748,5.8
12/1/1983,101.4,5825.9,7880.794,6.1,235310,8.3,9.400146,,5.0893714,4.7
1/1/1984,102.1,5851.3,8034.847,5.76,235456,8,9.531851,,5.0640591,5.3
2/1/1984,102.6,5884.8,8034.847,5.92,235601,7.8,8.972541,,5.0342412,5.1
3/1/1984,102.9,5922.6,8034.847,5.97,235757,7.8,8.978227,,5.1736894,6.1
4/1/1984,103.3,5962.5,8173.67,5.92,235916,7.7,8.978723,,5.3137983,6
5/1/1984,103.5,5971,8173.67,6.04,236077,7.4,8.919742,,5.4463469,6.7
6/1/1984,103.7,6010.3,8173.67,6.32,236254,7.2,8.742867,,5.735139,6.6
7/1/1984,104.1,6017.6,8252.465,6.43,236449,7.5,8.625086,,5.7354156,6.7
8/1/1984,104.4,6058.5,8252.465,6.48,236655,7.5,9.317769,,5.4270067,7.5
9/1/1984,104.7,6101.7,8252.465,6.04,236868,7.3,9.475889,,5.4416381,6.5
10/1/1984,105.1,6079.2,8320.199,6.2,237068,7.4,9.416708,,5.2147606,6
11/1/1984,105.3,6105.7,8320.199,6.09,237238,7.2,9.498795,,5.0159744,7.2
12/1/1984,105.5,6143.3,8320.199,5.33,237392,7.3,9.382779,,5.0342399,7.3
1/1/1985,105.7,6141.6,8400.82,5.06,237535,7.3,9.815166,,5.1142968,6.7
2/1/1985,106.3,6085.2,8400.82,5.13,237667,7.2,10.37154,,5.0420932,6.5
3/1/1985,106.8,6057.8,8400.82,5,237816,7.2,10.29142,,5.262634,6.4
4/1/1985,107,6159.5,8474.787,4.81,237987,7.3,10.36456,,5.0197753,6.9
5/1/1985,107.2,6310.8,8474.787,4.86,238172,7.2,10.59652,,4.984325,6.4
6/1/1985,107.5,6178.9,8474.787,5.42,238368,7.4,10.84758,,4.5913278,6
7/1/1985,107.7,6192.8,8604.22,5.22,238573,7.4,11.05607,,4.5623268,5.6
8/1/1985,107.9,6189,8604.22,5.19,238789,7.1,10.80291,,4.7152609,5.8
9/1/1985,108.1,6216.2,8604.22,5.06,239006,7.1,10.55842,,4.6239161,6.3
10/1/1985,108.5,6247.8,8668.188,4.95,239210,7.1,10.65283,,4.6152271,6.4
11/1/1985,109,6258.1,8668.188,4.88,239392,7,11.28278,,4.4988455,5.9
12/1/1985,109.5,6296.4,8668.188,4.93,239558,7,11.81692,,4.3655158,5.8
1/1/1986,109.9,6308.5,8749.127,5.03,239713,6.7,11.8989,,4.1387884,5.7
2/1/1986,109.7,6341.7,8749.127,4.99,239858,7.2,12.52,,4.1181726,6
3/1/1986,109.1,6406.5,8749.127,4.97,240011,7.2,13.2667,,3.7367611,4.7
4/1/1986,108.7,6430.4,8788.524,5.1,240183,7.1,13.59399,,3.5536733,4.7
5/1/1986,109,6435.8,8788.524,4.89,240365,7.2,13.60329,,3.6077332,5.2
6/1/1986,109.4,6429.8,8788.524,4.74,240555,7.2,13.94495,,3.9272729,5.7
7/1/1986,109.5,6461.8,8872.601,4.56,240753,7,13.69767,,3.6712197,6.1
8/1/1986,109.6,6469.4,8872.601,4.43,240961,6.9,13.9549,,3.6324582,7
9/1/1986,110,6472.9,8872.601,4.35,241171,7,13.57344,,3.4359002,5.8
10/1/1986,110.2,6466,8920.193,4.23,241371,7,13.54146,,3.6344365,6.5
11/1/1986,110.4,6466.7,8920.193,4.3,241544,6.9,13.94781,,3.5555861,6.1
12/1/1986,110.8,6473.8,8920.193,4.71,241702,6.6,14.07404,,3.4800833,5.5
1/1/1987,111.4,6494.2,8986.367,4.76,241857,6.6,14.97068,63.735,3.5240979,6
2/1/1987,111.8,6525,8986.367,4.95,242005,6.6,15.86818,64.135,3.5218239,6.2
3/1/1987,112.2,6530.5,8986.367,4.84,242166,6.6,16.48206,64.47,3.3855791,6
4/1/1987,112.7,6282.3,9083.256,4.84,242338,6.3,16.22884,64.973,3.6251496,6
5/1/1987,113,6537,9083.256,4.64,242516,6.3,16.14232,65.547,3.9809201,6.7
6/1/1987,113.5,6527.6,9083.256,4.51,242706,6.2,16.79351,66.218,3.9050188,6.9
7/1/1987,113.8,6545.8,9162.024,4.55,242908,6.1,17.25948,66.786,3.9670631,6.7
8/1/1987,114.3,6574,9162.024,4.27,243118,6,18.23986,67.27,4.0511275,6.8
9/1/1987,114.7,6575.3,9162.024,4.11,243335,5.9,17.67034,67.624,4.1489692,6.8
10/1/1987,115,6619.6,9319.332,4.07,243543,6,15.56063,67.902,4.2518415,6.8
11/1/1987,115.4,6648.1,9319.332,3.99,243724,5.8,13.58801,68.093,4.1747832,7
12/1/1987,115.6,6711.5,9319.332,3.96,243895,5.7,13.3575,68.344,4.2591451,7.6
1/1/1988,116,6730.2,9367.502,3.92,244056,5.7,13.91834,68.582,4.2204345,7.5
2/1/1988,116.2,6773.5,9367.502,3.89,244205,5.7,14.37273,68.915,3.8472522,6.6
3/1/1988,116.5,6804.3,9367.502,3.95,244362,5.7,14.84251,69.324,3.8109943,6.6
4/1/1988,117.2,6830.1,9490.594,3.91,244528,5.4,14.70187,69.789,4.0198724,6.4
5/1/1988,117.5,6841.7,9490.594,3.8,244708,5.6,14.35853,70.409,4.0553785,6.6
6/1/1988,118,6868.5,9490.594,3.68,244914,5.4,15.12444,71.068,4.1290591,6.2
7/1/1988,118.5,6898.2,9546.206,3.55,245131,5.4,15.06437,71.686,4.0784464,6.6
8/1/1988,119,6918.4,9546.206,3.6,245352,5.6,14.78065,72.186,4.0871682,6.6
9/1/1988,119.5,6932.4,9546.206,3.5,245579,5.4,15.00061,72.575,4.1697337,6.5
10/1/1988,119.9,6969.9,9673.405,3.38,245789,5.4,15.48469,72.823,4.0496883,6
11/1/1988,120.3,6971.9,9673.405,3.35,245970,5.3,15.11941,73.065,4.0008188,7.2
12/1/1988,120.7,7005.2,9673.405,3.35,246140,5.3,15.38439,73.279,4.1229057,6.8
1/1/1989,121.2,7033.4,9771.725,3.41,246301,5.4,15.88492,73.618,4.2885136,6.2
2/1/1989,121.6,7052.7,9771.725,3.53,246454,5.2,16.3478,73.969,4.1899346,7.5
3/1/1989,122.2,7087.1,9771.725,3.57,246626,5,16.30056,74.411,4.3288816,8.2
4/1/1989,123.1,7050,9846.293,3.45,246814,5.2,16.7725,74.868,4.2662182,7.4
5/1/1989,123.7,7017.2,9846.293,3.54,247010,5.2,17.35978,75.296,4.0993473,7.1
6/1/1989,124.1,7036.7,9846.293,4.07,247228,5.3,17.90099,75.696,3.9601983,7.2
7/1/1989,124.5,7061.3,9919.228,4.37,247458,5.2,18.33109,76.042,3.7419337,6.1
8/1/1989,124.5,7080,9919.228,4.46,247695,5.2,19.10661,76.273,3.5784885,6.4
9/1/1989,124.8,7101.4,9919.228,4.49,247942,5.3,19.11225,76.422,3.797509,7.1
10/1/1989,125.4,7136.8,9938.767,4.19,248174,5.3,19.06244,76.489,3.8261876,6.9
11/1/1989,125.9,7144,9938.767,4.26,248380,5.4,18.66268,76.522,3.6877522,6.6
12/1/1989,126.3,7144.7,9938.767,4.46,248569,5.4,19.07521,76.498,3.6632645,7
1/1/1990,127.5,7187.4,10047.386,4.43,248743,5.4,18.56648,76.527,3.790805,7
2/1/1990,128,7203.3,10047.386,4.3,248920,5.3,18.07759,76.587,3.9721427,7.6
3/1/1990,128.6,7206.1,10047.386,4.34,249146,5.2,18.44583,76.79,3.9572843,7.8
4/1/1990,128.9,7253.4,10083.855,4.34,249436,5.4,18.38141,77.038,3.9574181,8.3
5/1/1990,129.1,7245.8,10083.855,4.19,249707,5.4,18.94923,77.296,4.1366521,8.2
6/1/1990,129.9,7257.3,10083.855,4.16,249990,5.2,19.47706,77.505,3.9542983,7.9
7/1/1990,130.5,7283.7,10090.569,4.13,250285,5.5,19.47469,77.561,3.8638041,7.8
8/1/1990,131.6,7239.1,10090.569,4.12,250595,5.7,17.96866,77.479,3.8256958,8.2
9/1/1990,132.5,7236.8,10090.569,4.16,250904,5.9,17.15432,77.229,4.0734267,8.4
10/1/1990,133.4,7178.7,9998.704,4.04,251201,5.9,16.64209,76.912,3.9925768,8.7
11/1/1990,133.7,7181.9,9998.704,4,251486,6.2,17.05451,76.381,3.9799187,8.2
12/1/1990,134.2,7224.7,9998.704,3.86,251758,6.3,17.78271,75.972,3.8566272,8.5
1/1/1991,134.7,7205.7,9951.916,3.71,252012,6.4,17.62213,75.534,3.8045971,9.4
2/1/1991,134.8,7216.8,9951.916,3.71,252253,6.6,19.58308,75.248,3.7259127,7.9
3/1/1991,134.8,7229.1,9951.916,3.77,252507,6.8,20.15921,75.137,3.8681694,7.3
4/1/1991,135.1,7258,10029.51,3.67,252778,6.7,20.56992,75.316,3.7655984,7.3
5/1/1991,135.6,7259.5,10029.51,3.84,253060,6.9,20.49271,75.768,3.7827617,7
6/1/1991,136,7296.7,10029.51,3.98,253350,6.9,20.53056,76.253,3.865324,7
7/1/1991,136.2,7282,10080.195,4.05,253650,6.8,20.62734,76.517,3.8906803,7.1
8/1/1991,136.6,7298.3,10080.195,3.91,253966,6.9,21.12646,76.594,3.8552348,6.8
9/1/1991,137,7317.7,10080.195,3.89,254280,6.9,21.04894,76.575,3.6904141,7.4
10/1/1991,137.2,7328,10115.329,3.8,254576,7,21.10341,76.291,3.589857,6.7
11/1/1991,137.8,7338.4,10115.329,3.94,254841,7,21.11836,76.031,3.5532004,6.2
12/1/1991,138.2,7403.6,10115.329,3.96,255089,7.3,21.21873,75.844,3.4956178,6.2
1/1/1992,138.3,7474.8,10236.435,3.87,255331,7.3,22.71159,75.7,3.3688217,5.2
2/1/1992,138.6,7507.2,10236.435,3.66,255576,7.4,22.59063,75.655,3.5751286,4.9
3/1/1992,139.1,7513.8,10236.435,3.69,255848,7.4,22.30278,75.814,3.6100297,6.1
4/1/1992,139.4,7535,10347.429,3.61,256139,7.4,22.23713,76.08,3.641295,6.1
5/1/1992,139.7,7570.2,10347.429,3.6,256437,7.6,22.63905,76.398,3.6711864,6
6/1/1992,140.1,7601.6,10347.429,3.57,256742,7.8,22.24978,76.602,3.5871738,5.6
7/1/1992,140.5,7595.9,10449.673,3.44,257063,7.7,22.59568,76.711,3.4468602,5.3
8/1/1992,140.8,7622.6,10449.673,3.44,257390,7.6,22.78407,76.731,3.3154797,5.2
9/1/1992,141.1,7586.9,10449.673,3.46,257704,7.6,22.78987,76.628,3.2081161,5
10/1/1992,141.7,7537.9,10558.648,,258004,7.3,22.47702,76.598,3.0892278,5.1
11/1/1992,142.1,7549.3,10558.648,,258280,7.4,23.05813,76.579,3.3433578,5.4
12/1/1992,142.3,7818.6,10558.648,,258546,7.4,23.71526,76.464,3.4364061,5
1/1/1993,142.8,7648.1,10576.275,,258799,7.3,23.73477,76.395,3.3294652,5.4
2/1/1993,143.1,7684.5,10576.275,,259036,7.1,24.10519,76.327,3.1872819,5.3
3/1/1993,143.3,7660.8,10576.275,,259283,7,24.5713,76.382,3.0120671,5.4
4/1/1993,143.8,7700.6,10637.847,,259547,7.1,24.23496,76.66,3.0608057,4.7
5/1/1993,144.2,7689.4,10637.847,,259822,7.1,24.36321,77.03,3.0064162,5.3
6/1/1993,144.3,7675.1,10637.847,,260109,7,24.47691,77.516,2.9998339,5.2
7/1/1993,144.5,7694.3,10688.606,,260411,6.9,24.54492,77.885,2.946292,5.3
8/1/1993,144.8,7705.4,10688.606,,260717,6.8,24.94888,78.131,2.9933546,5.5
9/1/1993,145,7684.4,10688.606,,261015,6.7,25.23904,78.198,2.8470506,4.9
10/1/1993,145.6,7646.9,10833.987,,261294,6.8,25.5033,78.172,2.8473516,5
11/1/1993,146,7668.1,10833.987,,261550,6.6,25.34482,78.17,2.9136774,4.8
12/1/1993,146.3,7929.4,10833.987,,261796,6.5,25.52289,78.113,2.9813298,4.5
1/1/1994,146.3,7780.4,10939.116,,262021,6.6,25.95653,78.199,3.0223498,5.9
2/1/1994,146.7,7795,10939.116,,262237,6.6,25.94262,78.205,2.9679993,5
3/1/1994,147.1,7820.5,10939.116,,262491,6.5,25.48287,78.349,3.2001088,4.8
4/1/1994,147.2,7820.4,11087.361,,262754,6.4,24.55667,78.701,3.4756939,5.2
5/1/1994,147.5,7910.6,11087.361,,263014,6.1,24.7144,79.208,3.4511028,5.3
6/1/1994,147.9,7898.1,11087.361,,263294,6.1,24.87754,79.701,3.4930951,6.2
7/1/1994,148.4,7905,11152.176,,263580,6.1,24.68769,80.063,3.6032277,6.3
8/1/1994,149,7914.4,11152.176,,263871,6,25.36024,80.317,3.4472497,6.1
9/1/1994,149.3,7949,11152.176,,264159,5.9,25.51085,80.34,3.4803927,6
10/1/1994,149.4,8024.4,11279.932,,264430,5.8,25.27446,80.305,3.669374,5.6
11/1/1994,149.8,8023.9,11279.932,,264681,5.6,25.00329,80.17,3.7800547,6.3
12/1/1994,150.1,8060.2,11279.932,,264924,5.5,24.62429,80.079,3.8150244,6.6
1/1/1995,150.5,8086,11319.951,,265157,5.6,25.11062,80.027,3.86664,6.8
2/1/1995,150.9,8102,11319.951,,265383,5.4,25.93257,79.992,3.7690674,7.3
3/1/1995,151.2,8124.2,11319.951,,265625,5.4,26.42236,80.078,3.5760654,6.8
4/1/1995,151.8,8064,11353.721,,265877,5.8,27.17155,80.369,3.5231408,6.7
5/1/1995,152.1,8145.6,11353.721,,266134,5.6,27.90742,80.691,3.3296496,6.3
6/1/1995,152.4,8169.8,11353.721,,266414,5.6,28.67153,81.068,3.015143,5.8
7/1/1995,152.6,8187.8,11450.31,,266700,5.7,29.52861,81.412,3.0816679,5.6
8/1/1995,152.9,8193,11450.31,,266998,5.7,29.71381,81.655,3.1708179,6.1
9/1/1995,153.1,8219.4,11450.31,,267304,5.6,30.73981,81.739,3.1177132,6.3
10/1/1995,153.5,8228.4,11528.067,,267585,5.5,30.87537,81.727,3.0711001,6.3
11/1/1995,153.7,8250.5,11528.067,,267829,5.6,31.44986,81.631,3.0207028,6.8
12/1/1995,153.9,8261.3,11528.067,,268047,5.6,32.47175,81.514,2.8370533,6.4
1/1/1996,154.7,8272.1,11614.418,,268258,5.6,32.60315,81.427,2.8814735,6.4
2/1/1996,155,8335.8,11614.418,,268480,5.5,34.30991,81.4,2.8671836,5.3
3/1/1996,155.5,8362.4,11614.418,,268724,5.5,34.33728,81.666,2.9629321,6.2
4/1/1996,156.1,8311.8,11808.14,,268980,5.6,34.41352,82.125,3.1097521,6
5/1/1996,156.4,8416.8,11808.14,,269247,5.6,35.14032,82.602,3.2719934,5.9
6/1/1996,156.7,8467.1,11808.14,,269527,5.3,35.48436,83.049,3.3646355,6
7/1/1996,157,8444,11914.063,,269822,5.5,34.21694,83.418,3.2589758,5.7
8/1/1996,157.2,8464.7,11914.063,,270130,5.1,35.1152,83.645,3.2637507,5
9/1/1996,157.7,8483.9,11914.063,,270433,5.2,35.7465,83.702,3.3520617,5.2
10/1/1996,158.2,8482.7,12037.775,,270730,5.2,36.99174,83.629,3.2741396,5.6
11/1/1996,158.7,8505.1,12037.775,,271002,5.4,38.49857,83.556,3.1953407,5.2
12/1/1996,159.1,8533.1,12037.775,,271243,5.4,38.78163,83.49,3.040501,5
1/1/1997,159.4,8556.4,12115.472,,271472,5.3,39.9673,83.53,3.2421093,4.7
2/1/1997,159.7,8579.2,12115.472,,271703,5.2,41.45096,83.597,3.2370082,4.5
3/1/1997,159.8,8619,12115.472,,271952,5.2,41.26777,83.911,3.2576053,4.1
4/1/1997,159.9,8624.5,12317.221,,272213,5.1,39.71159,84.321,3.3733109,4.7
5/1/1997,159.9,8661.9,12317.221,,272482,4.9,42.91642,84.864,3.3054865,4.6
6/1/1997,160.2,8689.7,12317.221,,272767,5,45.26382,85.398,3.2962754,4.4
7/1/1997,160.4,8723.1,12471.01,,273074,4.9,47.62737,85.841,3.1968296,4.4
8/1/1997,160.8,8768.6,12471.01,,273395,4.8,47.68659,86.151,3.1381246,4.3
9/1/1997,161.2,8791.5,12471.01,,273703,4.9,48.49962,86.311,3.1400638,4.2
10/1/1997,161.5,8834.8,12577.495,,273989,4.7,49.44086,86.408,3.1142757,4.3
11/1/1997,161.7,8892.2,12577.495,,274249,4.6,48.73145,86.632,3.0902691,3.9
12/1/1997,161.8,8944.3,12577.495,,274499,4.7,49.97653,86.848,2.9939903,4.4
1/1/1998,162,9022.9,12703.742,,274732,4.6,49.9245,87.163,2.9523563,4
2/1/1998,162,9081.2,12703.742,,274943,4.6,52.69964,87.373,2.9135125,3.9
3/1/1998,162,9134.4,12703.742,,275175,4.7,55.5262,87.877,2.9446482,4.1
4/1/1998,162.2,9164.1,12821.339,,275434,4.3,57.24488,88.558,2.9271605,4
5/1/1998,162.6,9202,12821.339,,275700,4.4,56.88943,89.374,2.9741111,3.9
6/1/1998,162.8,9254.2,12821.339,,275976,4.5,56.42339,90.195,2.9159772,3.8
7/1/1998,163.2,9270,12982.752,,276266,4.5,58.07058,90.859,2.9275565,4
8/1/1998,163.4,9299.3,12982.752,,276566,4.5,53.39362,91.407,2.9154367,4.1
9/1/1998,163.5,9325.5,12982.752,,276859,4.6,50.16512,91.752,2.7392548,4.1
10/1/1998,163.9,9337.5,13191.67,,277140,4.5,50.65313,91.999,2.407417,4
11/1/1998,164.1,9374.6,13191.67,,277402,4.4,55.87901,92.197,2.5441109,3.5
12/1/1998,164.4,9391.7,13191.67,,277658,4.4,57.03838,92.444,2.5016398,3.8
1/1/1999,164.7,9444.1,13315.597,,277891,4.3,58.96622,92.714,2.5871265,3.9
2/1/1999,164.7,9476.2,13315.597,,278095,4.4,58.29973,92.981,2.6252973,4
3/1/1999,164.8,9484.1,13315.597,,278324,4.2,59.78408,93.611,2.789154,4.1
4/1/1999,165.9,9453,13426.748,,278584,4.3,62.16686,94.436,2.7963377,3.9
5/1/1999,166,9469.3,13426.748,,278859,4.2,62.94555,95.36,2.8490328,4
6/1/1999,166,9501.3,13426.748,,279148,4.3,62.34271,96.363,2.9371065,3.9
7/1/1999,166.7,9519,13604.771,,279448,4.3,64.2543,97.192,3.0105503,4
8/1/1999,167.1,9559.1,13604.771,,279752,4.2,61.5006,97.897,3.0557115,4
9/1/1999,167.8,9546.7,13604.771,,280053,4.2,60.19794,98.4,3.0939121,4.5
10/1/1999,168.1,9598.7,13827.98,,280337,4.1,59.32374,98.832,3.134861,4.2
11/1/1999,168.4,9660.9,13827.98,,280594,4.1,62.80751,99.149,3.1492332,4.3
12/1/1999,168.8,9735.9,13827.98,,280846,4,63.19875,99.543,3.2173645,4.3
1/1/2000,169.3,9799.9,13878.147,,281083,4,62.86602,100,3.2743698,4.3
2/1/2000,170,9837.9,13878.147,,281299,4.1,59.92387,100.571,3.3488244,4.3
3/1/2000,171,9864,13878.147,,281531,4,61.62468,101.466,3.3286618,4.3
4/1/2000,170.9,9913.7,14130.908,,281763,3.8,64.01819,102.54,3.1782392,4.4
5/1/2000,171.2,9954.5,14130.908,,281996,4,63.33833,103.702,3.2724233,4.4
6/1/2000,172.2,9982.3,14130.908,,282247,4,64.33157,104.855,3.3262841,4.8
7/1/2000,172.7,10035.9,14145.312,,282504,4,64.67895,105.721,3.0885155,4.1
8/1/2000,172.7,10098.3,14145.312,,282769,4.1,65.96814,106.521,3.0654361,4.4
9/1/2000,173.6,10110.3,14145.312,,283033,3.9,66.10835,107.135,2.9890166,4
10/1/2000,173.9,10139.2,14229.765,,283285,3.9,64.02615,107.728,2.9611545,4
11/1/2000,174.2,10143.5,14229.765,,283523,3.9,63.94636,108.29,2.9558753,4.2
12/1/2000,174.6,10164.3,14229.765,,283748,3.9,63.89025,108.791,2.8761227,3.6
1/1/2001,175.6,10211.7,14183.12,,283960,4.2,64.42542,109.214,2.5332933,3.8
2/1/2001,176,10223.4,14183.12,,284166,4.2,64.176,109.642,2.6418159,3.7
3/1/2001,176.1,10254.4,14183.12,,284380,4.3,59.7594,110.394,2.4986875,3.8
4/1/2001,176.4,10233.1,14271.694,,284602,4.4,60.09292,111.247,2.586794,3.9
5/1/2001,177.3,10214.7,14271.694,,284834,4.3,63.83125,112.202,2.7619294,4
6/1/2001,177.7,10218.1,14271.694,,285076,4.5,62.47472,113.272,2.8453051,4.2
7/1/2001,177.4,10370.7,14214.516,,285324,4.6,60.79872,114.226,2.8069829,4.2
8/1/2001,177.4,10543.1,14214.516,,285584,4.9,59.8657,114.987,2.6864373,4.4
9/1/2001,178.1,10452.8,14214.516,,285842,5,54.59542,115.465,2.7490267,4.4
10/1/2001,177.6,10267.7,14253.574,,286086,5.3,55.06464,115.681,2.5279263,4.3
11/1/2001,177.5,10279.7,14253.574,,286315,5.5,56.99183,115.838,2.3965374,4.1
12/1/2001,177.4,10298.9,14253.574,,286533,5.7,57.73238,116.055,2.6393462,3.8
1/1/2002,177.7,10514.7,14372.785,,286739,5.7,57.62083,116.436,2.7899369,4.2
2/1/2002,178,10531.6,14372.785,,286935,5.7,56.41106,116.916,2.7123769,4
3/1/2002,178.5,10539,14372.785,,287131,5.7,59.49042,117.929,2.7046551,4.1
4/1/2002,179.3,10574.2,14460.848,,287343,5.9,58.18821,119.208,2.9520356,4.3
5/1/2002,179.5,10616.5,14460.848,,287571,5.8,57.0232,120.788,2.7927848,4
6/1/2002,179.6,10648.2,14460.848,,287808,5.8,53.90807,122.333,2.7303686,4.2
7/1/2002,180,10621,14519.633,,288051,5.8,48.25622,123.687,2.6473991,4.2
8/1/2002,180.5,10623,14519.633,,288303,5.7,48.70765,124.729,2.3926105,4
9/1/2002,180.8,10633.6,14519.633,,288554,5.7,46.76304,125.494,2.2175256,3.9
10/1/2002,181.2,10661.8,14537.58,,288794,5.7,45.54277,126.136,2.1200192,4
11/1/2002,181.5,10690.9,14537.58,,289012,5.9,47.87475,126.642,2.1935127,4
12/1/2002,181.8,10719.9,14537.58,,289214,6,47.52485,127.151,2.3274091,4
1/1/2003,182.6,10710.4,14614.141,,289412,5.8,47.3499,127.652,2.2439394,4
2/1/2003,183.6,10674,14614.141,,289606,5.9,44.37599,128.326,2.2455641,4.5
3/1/2003,183.9,10696.5,14614.141,,289809,5.9,44.24553,129.308,2.0783864,4.1
4/1/2003,183.2,10752.7,14743.567,,290024,6,46.62976,130.488,2.1166901,4.1
5/1/2003,182.9,10832,14743.567,,290250,6.1,49.36493,131.839,2.1170777,3.9
6/1/2003,183.1,10860.6,14743.567,,290484,6.3,52.29276,133.225,1.9788142,3.5
7/1/2003,183.7,10991.1,14988.782,,290726,6.2,52.14394,134.647,1.973451,3.6
8/1/2003,184.5,11066.7,14988.782,,290974,6.1,52.26897,135.965,2.2894709,3.5
9/1/2003,185.1,10940.8,14988.782,,291222,6.1,53.80064,137.076,2.3966164,3.8
10/1/2003,184.9,10982.3,15162.76,,291463,6,55.20531,137.976,2.1063259,3.8
11/1/2003,185,11048.4,15162.76,,291677,5.8,56.13243,138.765,2.2911369,4.1
12/1/2003,185.5,11057.2,15162.76,,291868,5.7,58.51985,139.628,2.3653793,4
1/1/2004,186.3,11051.2,15248.68,,292046,5.7,61.47464,140.705,2.3167501,3.8
2/1/2004,186.7,11071,15248.68,,292230,5.6,62.40279,142.028,2.2754574,3.7
3/1/2004,187.1,11115.6,15248.68,,292434,5.8,61.57739,144.079,2.1716856,3.6
4/1/2004,187.4,11153.3,15366.85,,292651,5.6,61.8445,146.179,2.1480768,4
5/1/2004,188.2,11208.9,15366.85,,292872,5.6,59.72372,148.334,2.4546894,3.8
6/1/2004,188.9,11215.8,15366.85,,293103,5.6,61.33126,150.518,2.5673682,3.9
7/1/2004,189.1,11240.5,15512.619,,293350,5.5,60.38981,152.337,2.501857,4.5
8/1/2004,189.2,11274.6,15512.619,,293603,5.4,59.49894,153.813,2.4716518,4.3
9/1/2004,189.8,11279.6,15512.619,,293857,5.4,61.34568,155.107,2.3558656,4.1
10/1/2004,190.8,11282.5,15670.88,,294104,5.5,61.89985,156.298,2.3505515,3.9
11/1/2004,191.7,11246.1,15670.88,,294337,5.4,64.97321,157.495,2.3070912,4.3
12/1/2004,191.7,11659,15670.88,,294561,5.4,66.84936,158.669,2.3469422,4.1
1/1/2005,191.6,11226.5,15844.727,,294768,5.3,66.09673,160.129,2.3687512,4.4
2/1/2005,192.4,11229,15844.727,,294955,5.4,67.847,161.923,2.3706533,4.3
3/1/2005,193.1,11268.8,15844.727,,295149,5.2,68.08076,164.575,2.474904,4.1
4/1/2005,193.7,11304.2,15922.782,,295359,5.2,66.29041,166.999,2.5215946,4.3
5/1/2005,193.6,11352.7,15922.782,,295582,5.1,66.47942,169.544,2.4035554,4.2
6/1/2005,193.7,11375.5,15922.782,,295824,5,67.7982,172.015,2.2949612,4.3
7/1/2005,194.9,11387.1,16047.587,,296077,5,69.14153,174.097,2.359812,4.2
8/1/2005,196.1,11405.3,16047.587,,296338,4.9,70.08316,175.923,2.4709578,4.5
9/1/2005,198.8,11365.2,16047.587,,296606,5,71.01159,177.61,2.3536565,4.7
10/1/2005,199.1,11428.7,16136.734,,296857,5,69.05574,178.751,2.5492617,4.5
11/1/2005,198.1,11500.1,16136.734,,297089,5,71.1132,179.673,2.5758744,5
12/1/2005,198.1,11535.2,16136.734,,297311,4.9,72.95638,180.106,2.5702512,4.9
1/1/2006,199.3,11651.8,16353.835,,297526,4.7,74.89481,180.827,2.4488727,5.3
2/1/2006,199.4,11702.8,16353.835,,297734,4.8,75.36825,181.499,2.5135642,6.1
3/1/2006,199.7,11747.5,16353.835,,297950,4.7,76.55873,182.749,2.4741254,5.9
4/1/2006,200.7,11744.4,16396.151,,298170,4.7,78.15821,183.647,2.6257421,6.3
5/1/2006,201.3,11736.8,16396.151,,298401,4.6,78.19043,184.379,2.6635907,6.2
6/1/2006,201.8,11751.9,16396.151,,298653,4.6,74.79095,184.546,2.6658287,6.3
7/1/2006,202.9,11746.9,16420.738,,298910,4.7,75.96101,184.607,2.721923,7.3
8/1/2006,203.8,11737,16420.738,,299178,4.7,77.68768,184.404,2.6194038,6.7
9/1/2006,202.8,11800.1,16420.738,,299452,4.5,78.53902,184.198,2.5174803,6.7
10/1/2006,201.9,11853.7,16561.866,,299710,4.4,81.02309,184.053,2.485753,7.3
11/1/2006,202,11901.9,16561.866,,299950,4.5,82.98521,183.631,2.3789791,6.6
12/1/2006,203.1,11958.6,16561.866,,300178,4.4,85.11807,183.228,2.3467956,6.5
1/1/2007,203.437,11956.6,16611.69,,300398,4.6,85.53719,182.717,2.5293118,7.2
2/1/2007,204.226,11996,16611.69,,300608,4.5,87.57293,182.47,2.5756304,7.9
3/1/2007,205.288,12035.1,16611.69,,300823,4.4,85.42087,182.192,2.4594415,7.9
4/1/2007,205.904,12052.8,16713.314,,301045,4.5,89.44112,182.13,2.4786022,7.4
5/1/2007,206.755,12059.9,16713.314,,301278,4.4,92.02119,181.884,2.524481,7.8
6/1/2007,207.234,12053.3,16713.314,,301528,4.6,92.69252,181.539,2.6718196,8.2
7/1/2007,207.603,12066.4,16809.587,,301790,4.7,93.54096,180.992,2.6399293,8.3
8/1/2007,207.667,12070.9,16809.587,,302064,4.6,88.41669,180.233,2.4898174,9.2
9/1/2007,208.547,12089.6,16809.587,,302334,4.7,91.48969,179.121,2.4115217,9.2
10/1/2007,209.19,12080.4,16915.191,,302590,4.7,95.14953,177.529,2.4520543,8.5
11/1/2007,210.834,12070.1,16915.191,,302834,4.7,91.09004,175.161,2.3840553,9.4
12/1/2007,211.445,12120.5,16915.191,,303062,5,91.88258,173.337,2.1470427,9.6
1/1/2008,212.174,12137.1,16843.003,,303280,5,85.92138,171.076,2.174666,9.3
2/1/2008,212.687,12141.8,16843.003,,303494,4.9,84.64895,169.189,2.0725733,9.7
3/1/2008,213.448,12145.9,16843.003,,303707,5.1,82.16946,167.902,1.9412978,10.5
4/1/2008,213.942,12100.8,16943.291,,303926,5,85.92222,167.322,2.0011092,10.3
5/1/2008,215.208,12696.2,16943.291,,304157,5.4,88.26169,167.019,2.2201559,10.7
6/1/2008,217.463,12376.6,16943.291,,304396,5.6,84.26327,166.536,2.3034655,10.7
7/1/2008,219.016,12188.7,16854.295,,304646,5.8,78.95065,165.712,2.343078,10.5
8/1/2008,218.69,12120.6,16854.295,,304903,6.1,78.31818,164.276,2.3471243,11.3
9/1/2008,218.877,12149,16854.295,,305158,6.1,74.07194,161.911,2.2096956,10.9
10/1/2008,216.995,12240.5,16485.35,,305403,6.5,57.41563,159.162,2.1066821,11.6
11/1/2008,213.153,12345.9,16485.35,,305620,6.8,51.77961,156.071,2.0072092,11.4
12/1/2008,211.398,12288.8,16485.35,,305827,7.3,51.73662,152.544,1.5806981,11.2
1/1/2009,211.933,12361.5,16298.262,,306035,7.8,51.37847,149.362,1.621304,12.2
2/1/2009,212.705,12241.9,16298.262,,306237,8.3,47.38305,147.618,1.6701025,10.5
3/1/2009,212.495,12242.7,16298.262,,306438,8.7,44.39098,146.514,1.6327655,11
4/1/2009,212.709,12320,16269.145,,306645,9,50.01416,146.941,1.6962653,10.7
5/1/2009,213.022,12500.1,16269.145,,306863,9.4,54.52264,148.168,1.8570946,9.3
6/1/2009,214.79,12273.2,16269.145,,307090,9.5,56.05994,149.795,2.0073266,8.5
7/1/2009,214.726,12218.7,16326.281,,307322,9.5,56.34072,150.747,2.0420241,7.9
8/1/2009,215.445,12194.8,16326.281,,307570,9.6,61.60015,150.668,2.0934921,7.5
9/1/2009,215.861,12230.6,16326.281,,307826,9.8,63.97417,149.627,2.0688171,7.8
10/1/2009,216.509,12193.2,16502.754,,308071,10,65.43233,148.585,1.9561555,7.4
11/1/2009,217.234,12224.4,16502.754,,308289,9.9,66.3718,147.939,2.0233626,7.6
12/1/2009,217.347,12280.2,16502.754,,308495,9.9,67.1647,146.663,1.9064085,8
1/1/2010,217.488,12285.8,16582.71,,308706,9.8,67.98261,145.003,2.0911325,8.1
2/1/2010,217.281,12292,16582.71,,308904,9.8,65.13094,143.053,2.0165529,8.3
3/1/2010,217.353,12340.3,16582.71,,309095,9.9,68.83686,143.596,2.0067599,7.1
4/1/2010,217.403,12447.1,16743.162,,309289,9.9,71.22054,145.404,2.0631275,6.2
5/1/2010,217.29,12540.3,16743.162,,309485,9.6,65.55708,147.04,2.0234055,9.3
6/1/2010,217.199,12544.3,16743.162,,309691,9.4,63.38498,147.705,1.8811319,8.3
7/1/2010,217.605,12554.2,16872.266,,309913,9.4,63.66211,147.565,1.7304709,8.9
8/1/2010,217.923,12591.4,16872.266,,310146,9.5,64.83236,146.429,1.7086811,8.8
9/1/2010,218.275,12589.9,16872.266,,310385,9.5,66.91848,144.61,1.580762,7.6
10/1/2010,219.035,12592.5,16960.864,,310612,9.4,70.07586,143.13,1.5742367,8.2
11/1/2010,219.59,12605.1,16960.864,,310820,9.8,71.24583,141.819,1.5460638,8.2
12/1/2010,220.472,12680.6,16960.864,,311020,9.3,73.43909,140.628,1.6945193,7
1/1/2011,221.187,12740.1,16920.632,,311204,9.1,75.83663,139.036,1.9670054,7.3
2/1/2011,221.898,12776.6,16920.632,,311373,9,78.38196,137.731,1.9901515,8.1
3/1/2011,223.046,12742.7,16920.632,,311551,9,77.49942,137.785,2.048335,7.2
4/1/2011,224.093,12721.3,17035.114,,311740,9.1,79.34373,139.158,2.099215,6.7
5/1/2011,224.806,12705.3,17035.114,,311935,9,78.79452,140.693,2.032293,6.6
6/1/2011,224.806,12756.9,17035.114,,312147,9.1,75.94405,141.945,1.894122,6.6
7/1/2011,225.395,12805.6,17031.313,,312372,9,77.6741,142.343,1.9889734,6.7
8/1/2011,226.106,12799.7,17031.313,,312605,9,68.76672,141.786,1.7313642,6.5
9/1/2011,226.597,12781.7,17031.313,,312842,9,66.55733,140.168,1.5583105,6.3
10/1/2011,226.75,12791.9,17222.583,,313060,8.8,67.9489,138.41,1.5883361,6
11/1/2011,227.169,12782.7,17222.583,,313260,8.6,68.64421,136.665,1.6085842,5.7
12/1/2011,227.223,12898.5,17222.583,,313454,8.5,69.36818,135.167,1.6422125,5.3
1/1/2012,227.842,12967.5,17367.01,,313636,8.3,72.31305,134.167,1.6011744,5.3
2/1/2012,228.329,13029.6,17367.01,,313811,8.3,75.6142,133.996,1.5458862,4.8
3/1/2012,228.807,13066.4,17367.01,,313993,8.2,76.48755,135.864,1.5801475,4.9
4/1/2012,229.187,13116.5,17444.525,,314176,8.2,75.34689,138.47,1.6497201,4.9
5/1/2012,228.713,13112.5,17444.525,,314368,8.2,72.17181,141.047,1.5553438,4.7
6/1/2012,228.524,13097.2,17444.525,,314576,8.2,70.76199,143.169,1.4156358,4.8
7/1/2012,228.59,12999.8,17469.65,,314796,8.2,72.79951,144.282,1.4852789,4.6
8/1/2012,229.918,12961.6,17469.65,,315031,8.1,75.0352,144.705,1.480409,4.6
9/1/2012,231.015,13053.1,17469.65,,315264,7.8,77.42225,144.357,1.5292492,4.5
10/1/2012,231.638,13142,17489.852,,315485,7.8,77.60919,143.966,1.5026504,4.9
11/1/2012,231.249,13315.7,17489.852,,315692,7.7,76.13493,143.958,1.5179508,4.6
12/1/2012,231.221,13642.7,17489.852,,315877,7.9,78.39357,143.865,1.5262619,4.5
1/1/2013,231.679,12845.5,17662.4,,316038,8,81.92726,144.31,1.4890559,4
2/1/2013,232.937,12813.9,17662.4,,316191,7.7,83.34364,145.161,1.5381946,4.1
3/1/2013,232.282,12852.1,17662.4,,316357,7.5,84.68098,147.961,1.4118858,4.2
4/1/2013,231.797,12893.4,17709.671,,316535,7.6,85.15526,150.97,1.4618435,4.4
5/1/2013,231.893,12954.2,17709.671,,316729,7.5,88.4166,153.86,1.4138488,4.6
6/1/2013,232.445,12955.7,17709.671,,316934,7.5,86.20319,156.428,1.5503442,4.1
7/1/2013,232.9,12941.8,17860.45,,317156,7.3,88.49967,158.287,1.634568,5.5
8/1/2013,233.456,12969.6,17860.45,,317397,7.2,88.94305,159.394,1.7580797,5.5
9/1/2013,233.544,13027.5,17860.45,,317635,7.2,90.11507,159.673,1.8688006,5.4
10/1/2013,233.669,12974.6,18016.147,,317864,7.2,92.16814,159.556,1.7246934,4.9
11/1/2013,234.1,12998.9,18016.147,,318076,6.9,94.64922,159.364,1.7163045,5
12/1/2013,234.719,13019.1,18016.147,,318276,6.7,95.09109,159.281,1.7851389,5.2
1/1/2014,235.288,13079.5,17953.974,,318464,6.6,95.98233,159.369,1.8490071,5.1
2/1/2014,235.547,13148,17953.974,,318642,6.7,95.36447,159.872,1.7690838,5.3
3/1/2014,236.028,13219.9,17953.974,,318827,6.7,97.53705,161.189,1.7451938,5.6
4/1/2014,236.468,13270.2,18185.911,,319020,6.2,98.45526,162.968,1.87485,5.7
5/1/2014,236.918,13312.9,18185.911,,319225,6.3,99.72694,164.682,1.8687902,5.2
6/1/2014,237.231,13360.4,18185.911,,319438,6.1,102.1338,166.212,1.8300901,5.7
7/1/2014,237.498,13386.8,18406.941,,319670,6.2,102.8774,167.136,1.8823807,6.2
8/1/2014,237.46,13445.9,18406.941,,319919,6.1,101.5284,167.45,1.8790741,5.4
9/1/2014,237.477,13486.3,18406.941,,320166,5.9,102.3879,167.241,1.9131183,5.4
10/1/2014,237.43,13550.7,18500.031,,320403,5.7,98.07211,166.909,1.8727096,5.3
11/1/2014,236.983,13624.4,18500.031,,320616,5.8,102.2602,166.657,1.8157437,5.7
12/1/2014,236.252,13719.1,18500.031,,320815,5.6,101.3765,166.459,1.8521375,5.1
1/1/2015,234.747,13797.7,18666.621,,320997,5.7,100.0791,166.248,1.6943704,4.8
2/1/2015,235.342,13848,18666.621,,321164,5.5,102.7756,166.63,1.5339526,4.5
3/1/2015,235.976,13811.3,18666.621,,321344,5.4,102.2537,168.087,1.7034873,5.1
4/1/2015,236.222,13842,18782.243,,321538,5.4,103.8488,169.968,1.7122854,4.9
5/1/2015,237.001,13865.6,18782.243,,321740,5.6,104.4068,171.849,1.793767,5
6/1/2015,237.657,13874.1,18782.243,,321954,5.3,103.1632,173.449,1.8240356,5.4
7/1/2015,238.034,13905.7,18857.418,,322186,5.2,101.6938,174.495,1.8829511,5.2
8/1/2015,238.033,13935.8,18857.418,,322427,5.1,98.64014,174.937,1.817785,5
9/1/2015,237.498,13972.2,18857.418,,322670,5,93.22412,175.043,1.83859304,5.9
10/1/2015,237.733,13996.9,18892.206,,322901,5,96.70031,175.049,1.7425951,5.6
11/1/2015,238.017,13993.4,18892.206,,323113,5.1,97.66068,175.141,1.802926,5.5
12/1/2015,237.761,14060.2,18892.206,,323318,5,95.55367,175.113,1.81273123,5.1
1/1/2016,237.652,14121.1,19001.69,,323509,4.8,89.20781,175.032,1.85042813,5.6
2/1/2016,237.336,14135.3,19001.69,,323687,4.9,88.24099,175.276,1.7071694,5.5
3/1/2016,238.08,14135.4,19001.69,,323871,5,94.19507,176.597,1.64890624,5.5
4/1/2016,238.992,14106.2,19062.709,,324061,5.1,96.83752,178.493,1.71603963,5
5/1/2016,239.557,14095.5,19062.709,,324260,4.8,96.83658,180.341,1.74893221,5.1
6/1/2016,240.222,14104.9,19062.709,,324476,4.9,97.52459,181.913,1.72374515,5.3
7/1/2016,240.101,14160.1,19197.938,,324697,4.8,99.99921,183.015,1.63004592,4.5
8/1/2016,240.545,14176.7,19197.938,,324924,4.9,101.048,183.653,1.64768851,5
9/1/2016,241.176,14209.1,19197.938,,325155,5,100.2302,183.942,1.72789683,5.2
10/1/2016,241.741,14235.4,19304.352,,325368,4.9,99.05186,184.017,1.70459005,5.2
11/1/2016,242.026,14273.6,19304.352,,325562,4.7,99.85423,184.23,1.75829573,5.2
12/1/2016,242.637,14313.7,19304.352,,325742,4.7,103.8437,184.402,1.95369171,5.4
1/1/2017,243.618,14373.7,19398.343,,325901,4.7,105.0235,184.655,1.92241681,5.4
2/1/2017,244.006,14416.8,19398.343,,326050,4.6,106.9744,185.022,1.92235723,5.3
3/1/2017,243.892,14476.3,19398.343,,326207,4.4,107.798,186.53,1.88654098,5
4/1/2017,244.193,14509.3,19506.949,,326371,4.4,107.2743,188.543,1.85758237,5.4
5/1/2017,244.004,14610.7,19506.949,,326548,4.4,108.3879,190.539,1.84054543,5.1
6/1/2017,244.163,14618.7,19506.949,,326743,4.3,109.9261,192.266,1.73020088,5.3
7/1/2017,244.243,14660.2,19660.766,,326939,4.3,111.1847,193.511,1.84955694,5.8
8/1/2017,245.183,14678.3,19660.766,,327140,4.4,110.9526,194.346,1.8153385,6.1
9/1/2017,246.435,14706,19660.766,,327342,4.3,112.8619,194.817,1.84386995,5.3
10/1/2017,246.626,14748.6,19882.352,,327528,4.2,115.6323,195.083,1.89298914,5.5
11/1/2017,247.284,14771.1,19882.352,,327699,4.2,115.9486,195.45,1.92496508,4.8
12/1/2017,247.805,14797.9,19882.352,,327848,4.1,119.0448,195.846,2.01118703,5.6
1/1/2018,248.859,14886.6,20044.077,,327969,4,124.2432,196.112,1.95641907,6
2/1/2018,249.529,14921.1,20044.077,,328085,4.1,119.4891,196.9,2.07333165,5.7
3/1/2018,249.577,14974.8,20044.077,,328219,4,118.0817,198.569,1.97024161,5.2
4/1/2018,250.227,15007.2,20150.476,,328364,4,117.4013,200.613,1.98436343,5.6
5/1/2018,250.792,15057.8,20150.476,,328521,3.8,118.3035,202.452,2.09161804,5.5
6/1/2018,251.018,15119.3,20150.476,,328692,4,118.5999,204.042,2.04590296,5.8
7/1/2018,251.214,15184.7,20276.154,,328863,3.8,119.5296,204.949,2.09571821,6
8/1/2018,251.663,15238.6,20276.154,,329040,3.8,121.2815,205.326,2.14036185,6.5
9/1/2018,252.182,15237.5,20276.154,,329216,3.7,122.2612,205.372,2.13615266,6.6
10/1/2018,252.772,15274.1,20304.874,,329379,3.8,117.4184,205.367,2.16677604,7.2
11/1/2018,252.594,15315.2,20304.874,,329527,3.8,115.5294,205.105,2.15417847,6.4
12/1/2018,252.767,15506.5,20304.874,,329659,3.9,108.7552,204.696,2.09134924,7.6
1/1/2019,252.561,15501.7,20415.15,,329766,4,111.1662,204.201,1.95832446,7
2/1/2019,253.319,15553.7,20415.15,,329862,3.8,117.2234,204.429,1.97069441,6.4
3/1/2019,254.277,15568.9,20415.15,,329977,3.8,118.283,205.777,1.69207771,5.7
4/1/2019,255.233,15524.4,20584.528,,330103,3.7,121.0378,207.691,1.74737586,5.8
5/1/2019,255.296,15519.6,20584.528,,330240,3.6,118.6425,209.354,1.80265678,6.7
6/1/2019,255.213,15546.4,20584.528,,330393,3.6,120.1735,210.59,1.63705342,5.2
7/1/2019,255.802,15565.7,20817.581,,330553,3.7,123.43,211.341,1.67609847,5.9
8/1/2019,256.036,15654.1,20817.581,,330729,3.6,118.284,211.699,1.65909585,5.4
9/1/2019,256.43,15691.3,20817.581,,330904,3.5,121.7589,211.878,1.56044845,5.4
10/1/2019,257.155,15718.1,20951.088,,331066,3.6,121.3509,211.971,1.64198724,5.3
11/1/2019,257.879,15778.2,20951.088,,331213,3.6,125.887,212.11,1.67935282,5.4
12/1/2019,258.63,15684.8,20951.088,,331345,3.6,128.5203,212.241,1.7145255,5.6
1/1/2020,258.906,15852.5,20665.553,,331443,3.6,130.9052,212.401,1.7346773,5.7
2/1/2020,259.246,15918,20665.553,,331525,3.5,128.6936,213.22,1.61900368,5.6
3/1/2020,258.15,15696.3,20665.553,,331642,4.4,100.458,215.197,1.26977517,6.5
4/1/2020,256.126,18020.2,19034.83,,331699,14.8,101.8041,217.243,1.15834975,6.9
5/1/2020,255.848,17104.6,19034.83,,331701,13.2,105.6555,218.493,1.16234276,5.4
6/1/2020,257.004,17035,19034.83,,331744,11,113.1662,219.82,1.23186673,3.8
7/1/2020,258.408,17193.2,20511.785,,331811,10.2,115.0943,221.577,1.34690049,3.4
8/1/2020,259.366,16525.8,20511.785,,331885,8.4,120.638,224.057,1.34095578,3.3
9/1/2020,259.951,16607.9,20511.785,,331966,7.8,119.7456,226.81,1.35099923,3.4
10/1/2020,260.249,16561.9,20724.128,,332041,6.8,121.4711,229.823,1.33753773,3.3
11/1/2020,260.895,16368.1,20724.128,,332079,6.7,128.248,232.328,1.37663264,4
12/1/2020,262.005,16406.1,20724.128,,332062,6.7,134.5941,234.378,1.41717038,4.1
1/1/2021,262.518,18107.3,20990.541,,332007,6.4,138.8357,236.45,1.37942385,4
2/1/2021,263.583,16604.9,20990.541,,331983,6.2,142.3429,239.23,1.42757598,4.9
3/1/2021,264.91,20422.6,20990.541,,332023,6.1,144.9649,244.226,1.4974036,4.4
4/1/2021,266.752,17316.6,21309.544,,332089,6.1,150.286,249.832,1.58314707,4.7
5/1/2021,268.452,16819.1,21309.544,,332161,5.8,153.5066,255.457,1.57835302,5.6
6/1/2021,270.664,16736.3,21309.544,,332249,5.9,155.2178,261.181,1.59628851,5.8
7/1/2021,271.994,16836.1,21483.083,,332375,5.4,154.7849,265.519,1.62481074,5.7
8/1/2021,272.789,16791.7,21483.083,,332506,5.1,156.6078,268.795,1.58016294,6.5
9/1/2021,273.887,16564.3,21483.083,,332610,4.7,155.121,271.449,1.64278592,6
10/1/2021,276.434,16547.4,21847.602,,332708,4.5,156.8541,273.659,1.61273952,6.8
11/1/2021,278.799,16499.8,21847.602,,332806,4.1,159.9428,276.03,1.75849648,6
12/1/2021,280.808,16418.5,21847.602,,332891,3.9,157.3382,278.603,1.75897506,5.6
1/1/2022,282.39,16080.8,21738.871,,332933,4,158.1003,281.977,1.7965635,5.8
2/1/2022,284.535,16092.7,21738.871,,332972,3.8,155.2735,287.208,1.92112169,6.2
3/1/2022,287.553,16028.1,21738.871,,333067,3.6,152.9557,295.022,1.94721641,7
4/1/2022,288.764,16042.6,21708.16,,333191,3.7,153.5939,301.668,2.21125412,8.5
5/1/2022,291.359,16023.2,21708.16,,333317,3.6,144.4183,306.444,2.37039462,8.3
6/1/2022,294.996,15963.4,21708.16,,333451,3.6,139.7295,308.24,2.40126382,9.5
7/1/2022,294.977,16109.3,21851.134,,333599,3.5,137.4874,307.083,2.22257318,10.1
8/1/2022,295.209,16161.4,21851.134,,333762,3.6,144.2186,303.639,2.09959153,8.7
9/1/2022,296.341,16184.9,21851.134,,333925,3.5,135.1335,300.458,2.36598926,9.7
10/1/2022,297.863,16223.5,21989.981,,334071,3.6,131.9779,298.678,2.37080895,9.7
11/1/2022,298.648,16229.6,21989.981,,334206,3.6,142.0909,296.859,2.45466999,9.4
12/1/2022,298.812,16265.1,21989.981,,334326,3.5,143.193,294.346,2.21937769,8.5
1/1/2023,300.356,16601.9,22112.329,,334433,3.4,147.018,292.806,2.28560928,8.1
2/1/2023,301.509,16656.1,22112.329,,334544,3.6,148.2392,293.458,2.10573941,8.4
3/1/2023,301.744,16730.2,22112.329,,334664,3.5,141.1346,297.33,2.25862414,8.1
4/1/2023,303.032,16763.9,22225.35,,334792,3.4,145.1761,301.468,2.10348814,7.6
5/1/2023,303.365,16818.5,22225.35,,334929,3.7,142.4708,305.34,2.16281462,7.2
6/1/2023,304.003,16809.5,22225.35,,335080,3.6,145.8344,308.274,1.75489679,7.5
7/1/2023,304.628,16816.4,22490.692,,335248,3.5,150.752,310.163,2.06401319,7.1
8/1/2023,306.187,16826.2,22490.692,,335431,3.8,149.6734,311.537,2.13876555,7.9
9/1/2023,307.288,16816.3,22490.692,,335612,3.8,147.9842,312.404,2.22221813,7.5
10/1/2023,307.531,16847.8,22679.255,,335773,3.8,141.8852,312.769,2.36266313,7.9
11/1/2023,308.024,16912.1,22679.255,,335925,3.7,146.6592,311.943,2.38411387,8.8
12/1/2023,308.742,16946.5,22679.255,,336070,3.7,154.8774,310.762,2.27841034,8.3
1/1/2024,309.685,16946.7,,,336194,3.7,157.3779,310.455,2.16450727,8.2
2/1/2024,311.054,16931.6,,,336306,3.9,162.4479,,2.14620097,8.8
3/1/2024,312.23,,,,,3.8,168.4436,,2.21875271,8.3
